{
  "name": "jquery.quicksearch",
  "title": "jQuery-QuickSearch",
  "description": "A jQuery plugin for searching through tables, lists, etc quickly",
  "version": "2.0.5",
  "homepage": "",
  "author": {
    "name": "Deux Huit Huit",
    "url": "http://deuxhuithuit.com/"
  },
  "licenses": [
    {
      "type": "MIT",
      "url": "http://deuxhuithuit.mit-license.org/"
    }
  ],
  "repository": {
    "type": "git",
    "url": "git://github.com/DeuxHuitHuit/quicksearch.git"
  },
  "bugs": {
    "url": "https://github.com/DeuxHuitHuit/quicksearch/issues"
  },
  "dependencies": {
     "jquery": ">=1.4"
  },
  "keywords": ["quicksearch"]
}